Workbook

Sheet Export Summary
B3: This document was exported from Numbers. Each table was converted to an Excel worksheet. All other objects on each Numbers sheet were placed on separate worksheets. Please be aware that formula calculations may differ in Excel.
B7: Numbers Sheet Name | C7: Numbers Table Name | D7: Excel Worksheet Name
B9: Protocol
C10: Table 1 | D10: Protocol
B11: Measurements
C12: Table 1 | D12: Measurements
B13: Analysis
C14: Table 1 | D14: Analysis
B15: Coverage
C16: Table 1 | D16: Coverage
B17: Model
C18: Table 1 | D18: Model

Sheet Protocol
A1: ADAU1787 EVAL — calibração comum dos detectores B1–B8
A4: Objetivo | B4: Identificar uma vez os detectores RMS de B1–B8 e reutilizar a calibração para N1–N10.
A5: Estado inicial | B5: Execute Link Compile Download. Todas as LUTs B1–B8 e os três biases devem estar em unity.
A6: Frequência | B6: Use a frequência indicada para cada banda e anote somente essa componente espectral no REW.
A7: Níveis | B7: Use somente −59,85; −39,85; −19,85 e −9,85 dBV, equivalentes a 45, 65, 85 e 95 dB SPL.
A8: Unity | B8: Meça os quatro níveis antes de carregar a LUT de identificação da banda.
A9: Identificação | B9: Carregue B<n>_detector_identification.sss uma vez e repita os quatro níveis.
A10: Estabilização | B10: Aguarde pelo menos 2 s após mudar frequência ou nível antes de registrar a componente espectral.
A11: Restauração | B11: Use detector_identification_restore_all_unity.sss ou Link Compile Download entre bandas.
A12: Registro | B12: Preencha somente as células amarelas da aba Measurements; as demais abas são calculadas.
A13: Importante | B13: Não use sweep. Esta campanha pertence ao EVAL e será feita apenas uma vez, não uma vez por prescrição.
A15: Script/arquivo | B15: Caminho relativo a tiresias-eval-sigma
A16: Banda atual | B16: scripts/generated/detector-identification/B<n>_detector_identification.sss
... A19: Resultado comum | B19: config/detector_calibration_eval.json

Sheet Measurements
A1: Calibração comum B1–B8 — preencher somente F, G e H
A4: test_id | B4: band | C4: frequency_hz | D4: equivalent_level_db_spl | E4: rew_dac_output_dbv | F4: unity_component_dbv | G4: identification_component_dbv | H4: notes
A5: B1_45 | B5: 1 | C5: 177 | D5: 45 | E5: -59.85 | F5: -60.23 | G5: -60.2
A6: B1_65 | B6: 1 | C6: 177 | D6: 65 | E6: -39.85 | F6: -40.24 | G6: -41.12
A7: B1_85 | B7: 1 | C7: 177 | D7: 85 | E7: -19.85 | F7: -20.24 | G7: -24.06
A8: B1_95 | B8: 1 | C8: 177 | D8: 95 | E8: -9.85 | F8: -10.24 | G8: -15.45
A9: B2_45 | B9: 2 | C9: 297 | D9: 45 | E9: -59.85 | F9: -60.24 | G9: -57.24
A10: B2_65 | B10: 2 | C10: 297 | D10: 65 | E10: -39.85 | F10: -40.25 | G10: -40.3
A11: B2_85 | B11: 2 | C11: 297 | D11: 85 | E11: -19.85 | F11: -20.25 | G11: -22.63
A12: B2_95 | B12: 2 | C12: 297 | D12: 95 | E12: -9.85 | F12: -10.25 | G12: -13.56
A13: B3_45 | B13: 3 | C13: 500 | D13: 45 | E13: -59.85 | F13: -60.25 | G13: -57.3
A14: B3_65 | B14: 3 | C14: 500 | D14: 65 | E14: -39.85 | F14: -40.25 | G14: -40.24
A15: B3_85 | B15: 3 | C15: 500 | D15: 85 | E15: -19.85 | F15: -20.25 | G15: -22.49
A16: B3_95 | B16: 3 | C16: 500 | D16: 95 | E16: -9.85 | F16: -10.25 | G16: -13.36
... A36: B8_95 | B36: 8 | C36: 6727 | D36: 95 | E36: -9.85 | F36: -10.27 | G36: -13.77

Sheet Analysis
A1: Análise automática da identificação comum
A4: test_id | B4: band | C4: frequency_hz | D4: level_db_spl | E4: dac_dbv | F4: unity_dbv | G4: ident_dbv | H4: insertion_db | I4: output_ratio | J4: a | K4: b | L4: remainder_sq | M4: unity_sq | N4: quadratic_c | O4: discriminant | P4: compressor_linear_gain | Q4: identification_gain_db | R4: detector_dbfs
A5: ='Measurements'!A5 -> B1_45 | B5: ='Measurements'!B5 -> 1 | C5: ='Measurements'!C5 -> 177 | D5: ='Measurements'!D5 -> 45 | E5: ='Measurements'!E5 -> -59.85 | F5: =IF('Measurements'!F5="","",'Measurements'!F5) -> -60.23 | G5: =IF('Measurements'!G5="","",'Measurements'!G5) -> -60.2 | H5: =IF(COUNT(F5:G5)=2,G5-F5,"") -> 0.03 | I5: =IF(H5="","",POWER(10,H5/20)) -> 1.0034598 | J5: ='Model'!G5 -> 0.54469031 | K5: ='Model'!H5 -> 0.38672507 | L5: ='Model'!I5 -> 0.068649967 | M5: ='Model'!J5 -> 1.0000653 | N5: =IF(I5="","",L5-POWER(I5,2)*M5) -> -0.9383475 | O5: =IF(N5="","",POWER(K5,2)-4*J5*N5) -> 2.1939914 | P5: =IF(O5="","",(-K5+SQRT(O5))/(2*J5)) -> 1.0046881 | Q5: =IF(P5="","",20*LOG10(P5)) -> 0.040625279 | R5: =IF(Q5="","",-4*(Q5+10)) -> -40.162501
A6: ='Measurements'!A6 -> B1_65 | B6: ='Measurements'!B6 -> 1 | C6: ='Measurements'!C6 -> 177 | D6: ='Measurements'!D6 -> 65 | E6: ='Measurements'!E6 -> -39.85 | F6: =IF('Measurements'!F6="","",'Measurements'!F6) -> -40.24 | G6: =IF('Measurements'!G6="","",'Measurements'!G6) -> -41.12 | H6: =IF(COUNT(F6:G6)=2,G6-F6,"") -> -0.88 | I6: =IF(H6="","",POWER(10,H6/20)) -> 0.90364947 | J6: ='Model'!G5 -> 0.54469031 | K6: ='Model'!H5 -> 0.38672507 | L6: ='Model'!I5 -> 0.068649967 | M6: ='Model'!J5 -> 1.0000653 | N6: =IF(I6="","",L6-POWER(I6,2)*M6) -> -0.74798576 | O6: =IF(N6="","",POWER(K6,2)-4*J6*N6) -> 1.7792387 | P6: =IF(O6="","",(-K6+SQRT(O6))/(2*J6)) -> 0.8694445 | Q6: =IF(P6="","",20*LOG10(P6)) -> -1.2151627 | R6: =IF(Q6="","",-4*(Q6+10)) -> -35.139349
A7: ='Measurements'!A7 -> B1_85 | B7: ='Measurements'!B7 -> 1 | C7: ='Measurements'!C7 -> 177 | D7: ='Measurements'!D7 -> 85 | E7: ='Measurements'!E7 -> -19.85 | F7: =IF('Measurements'!F7="","",'Measurements'!F7) -> -20.24 | G7: =IF('Measurements'!G7="","",'Measurements'!G7) -> -24.06 | H7: =IF(COUNT(F7:G7)=2,G7-F7,"") -> -3.82 | I7: =IF(H7="","",POWER(10,H7/20)) -> 0.64416927 | J7: ='Model'!G5 -> 0.54469031 | K7: ='Model'!H5 -> 0.38672507 | L7: ='Model'!I5 -> 0.068649967 | M7: ='Model'!J5 -> 1.0000653 | N7: =IF(I7="","",L7-POWER(I7,2)*M7) -> -0.34633119 | O7: =IF(N7="","",POWER(K7,2)-4*J7*N7) -> 0.90412926 | P7: =IF(O7="","",(-K7+SQRT(O7))/(2*J7)) -> 0.5178466 | Q7: =IF(P7="","",20*LOG10(P7)) -> -5.7159775 | R7: =IF(Q7="","",-4*(Q7+10)) -> -17.13609
A8: ='Measurements'!A8 -> B1_95 | B8: ='Measurements'!B8 -> 1 | C8: ='Measurements'!C8 -> 177 | D8: ='Measurements'!D8 -> 95 | E8: ='Measurements'!E8 -> -9.85 | F8: =IF('Measurements'!F8="","",'Measurements'!F8) -> -10.24 | G8: =IF('Measurements'!G8="","",'Measurements'!G8) -> -15.45 | H8: =IF(COUNT(F8:G8)=2,G8-F8,"") -> -5.21 | I8: =IF(H8="","",POWER(10,H8/20)) -> 0.54890856 | J8: ='Model'!G5 -> 0.54469031 | K8: ='Model'!H5 -> 0.38672507 | L8: ='Model'!I5 -> 0.068649967 | M8: ='Model'!J5 -> 1.0000653 | N8: =IF(I8="","",L8-POWER(I8,2)*M8) -> -0.23267032 | O8: =IF(N8="","",POWER(K8,2)-4*J8*N8) -> 0.65648936 | P8: =IF(O8="","",(-K8+SQRT(O8))/(2*J8)) -> 0.38876701 | Q8: =IF(P8="","",20*LOG10(P8)) -> -8.206212 | R8: =IF(Q8="","",-4*(Q8+10)) -> -7.1751521
A9: ='Measurements'!A9 -> B2_45 | B9: ='Measurements'!B9 -> 2 | C9: ='Measurements'!C9 -> 297 | D9: ='Measurements'!D9 -> 45 | E9: ='Measurements'!E9 -> -59.85 | F9: =IF('Measurements'!F9="","",'Measurements'!F9) -> -60.24 | G9: =IF('Measurements'!G9="","",'Measurements'!G9) -> -57.24 | H9: =IF(COUNT(F9:G9)=2,G9-F9,"") -> 3 | I9: =IF(H9="","",POWER(10,H9/20)) -> 1.4125375 | J9: ='Model'!G6 -> 0.29767764 | K9: ='Model'!H6 -> 0.49590217 | L9: ='Model'!I6 -> 0.20653132 | M9: ='Model'!J6 -> 1.0001111 | N9: =IF(I9="","",L9-POWER(I9,2)*M9) -> -1.7889527 | O9: =IF(N9="","",POWER(K9,2)-4*J9*N9) -> 2.3760439 | P9: =IF(O9="","",(-K9+SQRT(O9))/(2*J9)) -> 1.7561614 | Q9: =IF(P9="","",20*LOG10(P9)) -> 4.8912886 | R9: =IF(Q9="","",-4*(Q9+10)) -> -59.565154
A10: ='Measurements'!A10 -> B2_65 | B10: ='Measurements'!B10 -> 2 | C10: ='Measurements'!C10 -> 297 | D10: ='Measurements'!D10 -> 65 | E10: ='Measurements'!E10 -> -39.85 | F10: =IF('Measurements'!F10="","",'Measurements'!F10) -> -40.25 | G10: =IF('Measurements'!G10="","",'Measurements'!G10) -> -40.3 | H10: =IF(COUNT(F10:G10)=2,G10-F10,"") -> -0.05 | I10: =IF(H10="","",POWER(10,H10/20)) -> 0.99426007 | J10: ='Model'!G6 -> 0.29767764 | K10: ='Model'!H6 -> 0.49590217 | L10: ='Model'!I6 -> 0.20653132 | M10: ='Model'!J6 -> 1.0001111 | N10: =IF(I10="","",L10-POWER(I10,2)*M10) -> -0.78213164 | O10: =IF(N10="","",POWER(K10,2)-4*J10*N10) -> 1.1772114 | P10: =IF(O10="","",(-K10+SQRT(O10))/(2*J10)) -> 0.98947899 | Q10: =IF(P10="","",20*LOG10(P10)) -> -0.091868436 | R10: =IF(Q10="","",-4*(Q10+10)) -> -39.632526
A11: ='Measurements'!A11 -> B2_85 | B11: ='Measurements'!B11 -> 2 | C11: ='Measurements'!C11 -> 297 | D11: ='Measurements'!D11 -> 85 | E11: ='Measurements'!E11 -> -19.85 | F11: =IF('Measurements'!F11="","",'Measurements'!F11) -> -20.25 | G11: =IF('Measurements'!G11="","",'Measurements'!G11) -> -22.63 | H11: =IF(COUNT(F11:G11)=2,G11-F11,"") -> -2.38 | I11: =IF(H11="","",POWER(10,H11/20)) -> 0.76032628 | J11: ='Model'!G6 -> 0.29767764 | K11: ='Model'!H6 -> 0.49590217 | L11: ='Model'!I6 -> 0.20653132 | M11: ='Model'!J6 -> 1.0001111 | N11: =IF(I11="","",L11-POWER(I11,2)*M11) -> -0.37162897 | O11: =IF(N11="","",POWER(K11,2)-4*J11*N11) -> 0.68842151 | P11: =IF(O11="","",(-K11+SQRT(O11))/(2*J11)) -> 0.56068962 | Q11: =IF(P11="","",20*LOG10(P11)) -> -5.0255496 | R11: =IF(Q11="","",-4*(Q11+10)) -> -19.897802
A12: ='Measurements'!A12 -> B2_95 | B12: ='Measurements'!B12 -> 2 | C12: ='Measurements'!C12 -> 297 | D12: ='Measurements'!D12 -> 95 | E12: ='Measurements'!E12 -> -9.85 | F12: =IF('Measurements'!F12="","",'Measurements'!F12) -> -10.25 | G12: =IF('Measurements'!G12="","",'Measurements'!G12) -> -13.56 | H12: =IF(COUNT(F12:G12)=2,G12-F12,"") -> -3.31 | I12: =IF(H12="","",POWER(10,H12/20)) -> 0.68312472 | J12: ='Model'!G6 -> 0.29767764 | K12: ='Model'!H6 -> 0.49590217 | L12: ='Model'!I6 -> 0.20653132 | M12: ='Model'!J6 -> 1.0001111 | N12: =IF(I12="","",L12-POWER(I12,2)*M12) -> -0.26017992 | O12: =IF(N12="","",POWER(K12,2)-4*J12*N12) -> 0.55571795 | P12: =IF(O12="","",(-K12+SQRT(O12))/(2*J12)) -> 0.41918289 | Q12: =IF(P12="","",20*LOG10(P12)) -> -7.5519291 | R12: =IF(Q12="","",-4*(Q12+10)) -> -9.7922836
A13: ='Measurements'!A13 -> B3_45 | B13: ='Measurements'!B13 -> 3 | C13: ='Measurements'!C13 -> 500 | D13: ='Measurements'!D13 -> 45 | E13: ='Measurements'!E13 -> -59.85 | F13: =IF('Measurements'!F13="","",'Measurements'!F13) -> -60.25 | G13: =IF('Measurements'!G13="","",'Measurements'!G13) -> -57.3 | H13: =IF(COUNT(F13:G13)=2,G13-F13,"") -> 2.95 | I13: =IF(H13="","",POWER(10,H13/20)) -> 1.4044297 | J13: ='Model'!G7 -> 0.2737756 | K13: ='Model'!H7 -> 0.49894506 | L13: ='Model'!I7 -> 0.22732691 | M13: ='Model'!J7 -> 1.0000476 | N13: =IF(I13="","",L13-POWER(I13,2)*M13) -> -1.7451897 | O13: =IF(N13="","",POWER(K13,2)-4*J13*N13) -> 2.1601076 | P13: =IF(O13="","",(-K13+SQRT(O13))/(2*J13)) -> 1.7729582 | Q13: =IF(P13="","",20*LOG10(P13)) -> 4.9739698 | R13: =IF(Q13="","",-4*(Q13+10)) -> -59.895879
A14: ='Measurements'!A14 -> B3_65 | B14: ='Measurements'!B14 -> 3 | C14: ='Measurements'!C14 -> 500 | D14: ='Measurements'!D14 -> 65 | E14: ='Measurements'!E14 -> -39.85 | F14: =IF('Measurements'!F14="","",'Measurements'!F14) -> -40.25 | G14: =IF('Measurements'!G14="","",'Measurements'!G14) -> -40.24 | H14: =IF(COUNT(F14:G14)=2,G14-F14,"") -> 0.01 | I14: =IF(H14="","",POWER(10,H14/20)) -> 1.001152 | J14: ='Model'!G7 -> 0.2737756 | K14: ='Model'!H7 -> 0.49894506 | L14: ='Model'!I7 -> 0.22732691 | M14: ='Model'!J7 -> 1.0000476 | N14: =IF(I14="","",L14-POWER(I14,2)*M14) -> -0.77502601 | O14: =IF(N14="","",POWER(K14,2)-4*J14*N14) -> 1.097679 | P14: =IF(O14="","",(-K14+SQRT(O14))/(2*J14)) -> 1.0022017 | Q14: =IF(P14="","",20*LOG10(P14)) -> 0.019102287 | R14: =IF(Q14="","",-4*(Q14+10)) -> -40.076409
A15: ='Measurements'!A15 -> B3_85 | B15: ='Measurements'!B15 -> 3 | C15: ='Measurements'!C15 -> 500 | D15: ='Measurements'!D15 -> 85 | E15: ='Measurements'!E15 -> -19.85 | F15: =IF('Measurements'!F15="","",'Measurements'!F15) -> -20.25 | G15: =IF('Measurements'!G15="","",'Measurements'!G15) -> -22.49 | H15: =IF(COUNT(F15:G15)=2,G15-F15,"") -> -2.24 | I15: =IF(H15="","",POWER(10,H15/20)) -> 0.77268059 | J15: ='Model'!G7 -> 0.2737756 | K15: ='Model'!H7 -> 0.49894506 | L15: ='Model'!I7 -> 0.22732691 | M15: ='Model'!J7 -> 1.0000476 | N15: =IF(I15="","",L15-POWER(I15,2)*M15) -> -0.36973678 | O15: =IF(N15="","",POWER(K15,2)-4*J15*N15) -> 0.65384581 | P15: =IF(O15="","",(-K15+SQRT(O15))/(2*J15)) -> 0.56554029 | Q15: =IF(P15="","",20*LOG10(P15)) -> -4.950729 | R15: =IF(Q15="","",-4*(Q15+10)) -> -20.197084
A16: ='Measurements'!A16 -> B3_95 | B16: ='Measurements'!B16 -> 3 | C16: ='Measurements'!C16 -> 500 | D16: ='Measurements'!D16 -> 95 | E16: ='Measurements'!E16 -> -9.85 | F16: =IF('Measurements'!F16="","",'Measurements'!F16) -> -10.25 | G16: =IF('Measurements'!G16="","",'Measurements'!G16) -> -13.36 | H16: =IF(COUNT(F16:G16)=2,G16-F16,"") -> -3.11 | I16: =IF(H16="","",POWER(10,H16/20)) -> 0.69903674 | J16: ='Model'!G7 -> 0.2737756 | K16: ='Model'!H7 -> 0.49894506 | L16: ='Model'!I7 -> 0.22732691 | M16: ='Model'!J7 -> 1.0000476 | N16: =IF(I16="","",L16-POWER(I16,2)*M16) -> -0.26134869 | O16: =IF(N16="","",POWER(K16,2)-4*J16*N16) -> 0.53514976 | P16: =IF(O16="","",(-K16+SQRT(O16))/(2*J16)) -> 0.42478995 | Q16: =IF(P16="","",20*LOG10(P16)) -> -7.4365154 | R16: =IF(Q16="","",-4*(Q16+10)) -> -10.253938
A17: ='Measurements'!A17 -> B4_45 | B17: ='Measurements'!B17 -> 4 | C17: ='Measurements'!C17 -> 841 | D17: ='Measurements'!D17 -> 45 | E17: ='Measurements'!E17 -> -59.85 | F17: =IF('Measurements'!F17="","",'Measurements'!F17) -> -60.25 | G17: =IF('Measurements'!G17="","",'Measurements'!G17) -> -57.31 | H17: =IF(COUNT(F17:G17)=2,G17-F17,"") -> 2.94 | I17: =IF(H17="","",POWER(10,H17/20)) -> 1.4028137 | J17: ='Model'!G8 -> 0.27091926 | K17: ='Model'!H8 -> 0.49915597 | L17: ='Model'!I8 -> 0.22991792 | M17: ='Model'!J8 -> 0.99999315 | N17: =IF(I17="","",L17-POWER(I17,2)*M17) -> -1.7379549 | O17: =IF(N17="","",POWER(K17,2)-4*J17*N17) -> 2.1325385 | P17: =IF(O17="","",(-K17+SQRT(O17))/(2*J17)) -> 1.7738964 | Q17: =IF(P17="","",20*LOG10(P17)) -> 4.978565 | R17: =IF(Q17="","",-4*(Q17+10)) -> -59.91426
A18: ='Measurements'!A18 -> B4_65 | B18: ='Measurements'!B18 -> 4 | C18: ='Measurements'!C18 -> 841 | D18: ='Measurements'!D18 -> 65 | E18: ='Measurements'!E18 -> -39.85 | F18: =IF('Measurements'!F18="","",'Measurements'!F18) -> -40.25 | G18: =IF('Measurements'!G18="","",'Measurements'!G18) -> -40.23 | H18: =IF(COUNT(F18:G18)=2,G18-F18,"") -> 0.02 | I18: =IF(H18="","",POWER(10,H18/20)) -> 1.0023052 | J18: ='Model'!G8 -> 0.27091926 | K18: ='Model'!H8 -> 0.49915597 | L18: ='Model'!I8 -> 0.22991792 | M18: ='Model'!J8 -> 0.99999315 | N18: =IF(I18="","",L18-POWER(I18,2)*M18) -> -0.77469099 | O18: =IF(N18="","",POWER(K18,2)-4*J18*N18) -> 1.0886715 | P18: =IF(O18="","",(-K18+SQRT(O18))/(2*J18)) -> 1.0044289 | Q18: =IF(P18="","",20*LOG10(P18)) -> 0.038383868 | R18: =IF(Q18="","",-4*(Q18+10)) -> -40.153535
A19: ='Measurements'!A19 -> B4_85 | B19: ='Measurements'!B19 -> 4 | C19: ='Measurements'!C19 -> 841 | D19: ='Measurements'!D19 -> 85 | E19: ='Measurements'!E19 -> -19.85 | F19: =IF('Measurements'!F19="","",'Measurements'!F19) -> -20.25 | G19: =IF('Measurements'!G19="","",'Measurements'!G19) -> -22.47 | H19: =IF(COUNT(F19:G19)=2,G19-F19,"") -> -2.22 | I19: =IF(H19="","",POWER(10,H19/20)) -> 0.7744618 | J19: ='Model'!G8 -> 0.27091926 | K19: ='Model'!H8 -> 0.49915597 | L19: ='Model'!I8 -> 0.22991792 | M19: ='Model'!J8 -> 0.99999315 | N19: =IF(I19="","",L19-POWER(I19,2)*M19) -> -0.36986905 | O19: =IF(N19="","",POWER(K19,2)-4*J19*N19) -> 0.64997528 | P19: =IF(O19="","",(-K19+SQRT(O19))/(2*J19)) -> 0.56669 | Q19: =IF(P19="","",20*LOG10(P19)) -> -4.933089 | R19: =IF(Q19="","",-4*(Q19+10)) -> -20.267644
A20: ='Measurements'!A20 -> B4_95 | B20: ='Measurements'!B20 -> 4 | C20: ='Measurements'!C20 -> 841 | D20: ='Measurements'!D20 -> 95 | E20: ='Measurements'!E20 -> -9.85 | F20: =IF('Measurements'!F20="","",'Measurements'!F20) -> -10.25 | G20: =IF('Measurements'!G20="","",'Measurements'!G20) -> -13.34 | H20: =IF(COUNT(F20:G20)=2,G20-F20,"") -> -3.09 | I20: =IF(H20="","",POWER(10,H20/20)) -> 0.70064818 | J20: ='Model'!G8 -> 0.27091926 | K20: ='Model'!H8 -> 0.49915597 | L20: ='Model'!I8 -> 0.22991792 | M20: ='Model'!J8 -> 0.99999315 | N20: =IF(I20="","",L20-POWER(I20,2)*M20) -> -0.26098659 | O20: =IF(N20="","",POWER(K20,2)-4*J20*N20) -> 0.53198186 | P20: =IF(O20="","",(-K20+SQRT(O20))/(2*J20)) -> 0.42487732 | Q20: =IF(P20="","",20*LOG10(P20)) -> -7.4347291 | R20: =IF(Q20="","",-4*(Q20+10)) -> -10.261084
A21: ='Measurements'!A21 -> B5_45 | B21: ='Measurements'!B21 -> 5 | C21: ='Measurements'!C21 -> 1414 | D21: ='Measurements'!D21 -> 45 | E21: ='Measurements'!E21 -> -59.85 | F21: =IF('Measurements'!F21="","",'Measurements'!F21) -> -60.25 | G21: =IF('Measurements'!G21="","",'Measurements'!G21) -> -57.31 | H21: =IF(COUNT(F21:G21)=2,G21-F21,"") -> 2.94 | I21: =IF(H21="","",POWER(10,H21/20)) -> 1.4028137 | J21: ='Model'!G9 -> 0.27175975 | K21: ='Model'!H9 -> 0.49908148 | L21: ='Model'!I9 -> 0.22913843 | M21: ='Model'!J9 -> 0.99997965 | N21: =IF(I21="","",L21-POWER(I21,2)*M21) -> -1.7387078 | O21: =IF(N21="","",POWER(K21,2)-4*J21*N21) -> 2.1391255 | P21: =IF(O21="","",(-K21+SQRT(O21))/(2*J21)) -> 1.7726935 | Q21: =IF(P21="","",20*LOG10(P21)) -> 4.9726731 | R21: =IF(Q21="","",-4*(Q21+10)) -> -59.890692
A22: ='Measurements'!A22 -> B5_65 | B22: ='Measurements'!B22 -> 5 | C22: ='Measurements'!C22 -> 1414 | D22: ='Measurements'!D22 -> 65 | E22: ='Measurements'!E22 -> -39.85 | F22: =IF('Measurements'!F22="","",'Measurements'!F22) -> -40.25 | G22: =IF('Measurements'!G22="","",'Measurements'!G22) -> -40.23 | H22: =IF(COUNT(F22:G22)=2,G22-F22,"") -> 0.02 | I22: =IF(H22="","",POWER(10,H22/20)) -> 1.0023052 | J22: ='Model'!G9 -> 0.27175975 | K22: ='Model'!H9 -> 0.49908148 | L22: ='Model'!I9 -> 0.22913843 | M22: ='Model'!J9 -> 0.99997965 | N22: =IF(I22="","",L22-POWER(I22,2)*M22) -> -0.77545692 | O22: =IF(N22="","",POWER(K22,2)-4*J22*N22) -> 1.0920342 | P22: =IF(O22="","",(-K22+SQRT(O22))/(2*J22)) -> 1.004422 | Q22: =IF(P22="","",20*LOG10(P22)) -> 0.038324338 | R22: =IF(Q22="","",-4*(Q22+10)) -> -40.153297
A23: ='Measurements'!A23 -> B5_85 | B23: ='Measurements'!B23 -> 5 | C23: ='Measurements'!C23 -> 1414 | D23: ='Measurements'!D23 -> 85 | E23: ='Measurements'!E23 -> -19.85 | F23: =IF('Measurements'!F23="","",'Measurements'!F23) -> -20.25 | G23: =IF('Measurements'!G23="","",'Measurements'!G23) -> -22.48 | H23: =IF(COUNT(F23:G23)=2,G23-F23,"") -> -2.23 | I23: =IF(H23="","",POWER(10,H23/20)) -> 0.77357068 | J23: ='Model'!G9 -> 0.27175975 | K23: ='Model'!H9 -> 0.49908148 | L23: ='Model'!I9 -> 0.22913843 | M23: ='Model'!J9 -> 0.99997965 | N23: =IF(I23="","",L23-POWER(I23,2)*M23) -> -0.36926099 | O23: =IF(N23="","",POWER(K23,2)-4*J23*N23) -> 0.65048341 | P23: =IF(O23="","",(-K23+SQRT(O23))/(2*J23)) -> 0.56565412 | Q23: =IF(P23="","",20*LOG10(P23)) -> -4.9489809 | R23: =IF(Q23="","",-4*(Q23+10)) -> -20.204077
A24: ='Measurements'!A24 -> B5_95 | B24: ='Measurements'!B24 -> 5 | C24: ='Measurements'!C24 -> 1414 | D24: ='Measurements'!D24 -> 95 | E24: ='Measurements'!E24 -> -9.85 | F24: =IF('Measurements'!F24="","",'Measurements'!F24) -> -10.25 | G24: =IF('Measurements'!G24="","",'Measurements'!G24) -> -13.34 | H24: =IF(COUNT(F24:G24)=2,G24-F24,"") -> -3.09 | I24: =IF(H24="","",POWER(10,H24/20)) -> 0.70064818 | J24: ='Model'!G9 -> 0.27175975 | K24: ='Model'!H9 -> 0.49908148 | L24: ='Model'!I9 -> 0.22913843 | M24: ='Model'!J9 -> 0.99997965 | N24: =IF(I24="","",L24-POWER(I24,2)*M24) -> -0.26175946 | O24: =IF(N24="","",POWER(K24,2)-4*J24*N24) -> 0.53362506 | P24: =IF(O24="","",(-K24+SQRT(O24))/(2*J24)) -> 0.42577124 | Q24: =IF(P24="","",20*LOG10(P24)) -> -7.4164736 | R24: =IF(Q24="","",-4*(Q24+10)) -> -10.334106
A25: ='Measurements'!A25 -> B6_45 | B25: ='Measurements'!B25 -> 6 | C25: ='Measurements'!C25 -> 2378 | D25: ='Measurements'!D25 -> 45 | E25: ='Measurements'!E25 -> -59.85 | F25: =IF('Measurements'!F25="","",'Measurements'!F25) -> -60.25 | G25: =IF('Measurements'!G25="","",'Measurements'!G25) -> -57.31 | H25: =IF(COUNT(F25:G25)=2,G25-F25,"") -> 2.94 | I25: =IF(H25="","",POWER(10,H25/20)) -> 1.4028137 | J25: ='Model'!G10 -> 0.27557686 | K25: ='Model'!H10 -> 0.49873818 | L25: ='Model'!I10 -> 0.22565377 | M25: ='Model'!J10 -> 0.99996881 | N25: =IF(I25="","",L25-POWER(I25,2)*M25) -> -1.7421711 | O25: =IF(N25="","",POWER(K25,2)-4*J25*N25) -> 2.169148 | P25: =IF(O25="","",(-K25+SQRT(O25))/(2*J25)) -> 1.7673193 | Q25: =IF(P25="","",20*LOG10(P25)) -> 4.9463002 | R25: =IF(Q25="","",-4*(Q25+10)) -> -59.785201
A26: ='Measurements'!A26 -> B6_65 | B26: ='Measurements'!B26 -> 6 | C26: ='Measurements'!C26 -> 2378 | D26: ='Measurements'!D26 -> 65 | E26: ='Measurements'!E26 -> -39.85 | F26: =IF('Measurements'!F26="","",'Measurements'!F26) -> -40.26 | G26: =IF('Measurements'!G26="","",'Measurements'!G26) -> -40.24 | H26: =IF(COUNT(F26:G26)=2,G26-F26,"") -> 0.02 | I26: =IF(H26="","",POWER(10,H26/20)) -> 1.0023052 | J26: ='Model'!G10 -> 0.27557686 | K26: ='Model'!H10 -> 0.49873818 | L26: ='Model'!I10 -> 0.22565377 | M26: ='Model'!J10 -> 0.99996881 | N26: =IF(I26="","",L26-POWER(I26,2)*M26) -> -0.77893069 | O26: =IF(N26="","",POWER(K26,2)-4*J26*N26) -> 1.1073609 | P26: =IF(O26="","",(-K26+SQRT(O26))/(2*J26)) -> 1.0043912 | Q26: =IF(P26="","",20*LOG10(P26)) -> 0.038058367 | R26: =IF(Q26="","",-4*(Q26+10)) -> -40.152233
A27: ='Measurements'!A27 -> B6_85 | B27: ='Measurements'!B27 -> 6 | C27: ='Measurements'!C27 -> 2378 | D27: ='Measurements'!D27 -> 85 | E27: ='Measurements'!E27 -> -19.85 | F27: =IF('Measurements'!F27="","",'Measurements'!F27) -> -20.25 | G27: =IF('Measurements'!G27="","",'Measurements'!G27) -> -22.5 | H27: =IF(COUNT(F27:G27)=2,G27-F27,"") -> -2.25 | I27: =IF(H27="","",POWER(10,H27/20)) -> 0.77179152 | J27: ='Model'!G10 -> 0.27557686 | K27: ='Model'!H10 -> 0.49873818 | L27: ='Model'!I10 -> 0.22565377 | M27: ='Model'!J10 -> 0.99996881 | N27: =IF(I27="","",L27-POWER(I27,2)*M27) -> -0.36998979 | O27: =IF(N27="","",POWER(K27,2)-4*J27*N27) -> 0.65658228 | P27: =IF(O27="","",(-K27+SQRT(O27))/(2*J27)) -> 0.56528597 | Q27: =IF(P27="","",20*LOG10(P27)) -> -4.9546358 | R27: =IF(Q27="","",-4*(Q27+10)) -> -20.181457
A28: ='Measurements'!A28 -> B6_95 | B28: ='Measurements'!B28 -> 6 | C28: ='Measurements'!C28 -> 2378 | D28: ='Measurements'!D28 -> 95 | E28: ='Measurements'!E28 -> -9.85 | F28: =IF('Measurements'!F28="","",'Measurements'!F28) -> -10.25 | G28: =IF('Measurements'!G28="","",'Measurements'!G28) -> -13.38 | H28: =IF(COUNT(F28:G28)=2,G28-F28,"") -> -3.13 | I28: =IF(H28="","",POWER(10,H28/20)) -> 0.697429 | J28: ='Model'!G10 -> 0.27557686 | K28: ='Model'!H10 -> 0.49873818 | L28: ='Model'!I10 -> 0.22565377 | M28: ='Model'!J10 -> 0.99996881 | N28: =IF(I28="","",L28-POWER(I28,2)*M28) -> -0.26073826 | O28: =IF(N28="","",POWER(K28,2)-4*J28*N28) -> 0.5361535 | P28: =IF(O28="","",(-K28+SQRT(O28))/(2*J28)) -> 0.42363291 | Q28: =IF(P28="","",20*LOG10(P28)) -> -7.4602062 | R28: =IF(Q28="","",-4*(Q28+10)) -> -10.159175
A29: ='Measurements'!A29 -> B7_45 | B29: ='Measurements'!B29 -> 7 | C29: ='Measurements'!C29 -> 4000 | D29: ='Measurements'!D29 -> 45 | E29: ='Measurements'!E29 -> -59.85 | F29: =IF('Measurements'!F29="","",'Measurements'!F29) -> -60.26 | G29: =IF('Measurements'!G29="","",'Measurements'!G29) -> -57.27 | H29: =IF(COUNT(F29:G29)=2,G29-F29,"") -> 2.99 | I29: =IF(H29="","",POWER(10,H29/20)) -> 1.4109122 | J29: ='Model'!G11 -> 0.28650333 | K29: ='Model'!H11 -> 0.49749752 | L29: ='Model'!I11 -> 0.21596938 | M29: ='Model'!J11 -> 0.99997023 | N29: =IF(I29="","",L29-POWER(I29,2)*M29) -> -1.7746447 | O29: =IF(N29="","",POWER(K29,2)-4*J29*N29) -> 2.2812702 | P29: =IF(O29="","",(-K29+SQRT(O29))/(2*J29)) -> 1.7676757 | Q29: =IF(P29="","",20*LOG10(P29)) -> 4.9480517 | R29: =IF(Q29="","",-4*(Q29+10)) -> -59.792207
A30: ='Measurements'!A30 -> B7_65 | B30: ='Measurements'!B30 -> 7 | C30: ='Measurements'!C30 -> 4000 | D30: ='Measurements'!D30 -> 65 | E30: ='Measurements'!E30 -> -39.85 | F30: =IF('Measurements'!F30="","",'Measurements'!F30) -> -40.26 | G30: =IF('Measurements'!G30="","",'Measurements'!G30) -> -40.26 | H30: =IF(COUNT(F30:G30)=2,G30-F30,"") -> 0 | I30: =IF(H30="","",POWER(10,H30/20)) -> 1 | J30: ='Model'!G11 -> 0.28650333 | K30: ='Model'!H11 -> 0.49749752 | L30: ='Model'!I11 -> 0.21596938 | M30: ='Model'!J11 -> 0.99997023 | N30: =IF(I30="","",L30-POWER(I30,2)*M30) -> -0.78400085 | O30: =IF(N30="","",POWER(K30,2)-4*J30*N30) -> 1.1459792 | P30: =IF(O30="","",(-K30+SQRT(O30))/(2*J30)) -> 1 | Q30: =IF(P30="","",20*LOG10(P30)) -> 0 | R30: =IF(Q30="","",-4*(Q30+10)) -> -40
A31: ='Measurements'!A31 -> B7_85 | B31: ='Measurements'!B31 -> 7 | C31: ='Measurements'!C31 -> 4000 | D31: ='Measurements'!D31 -> 85 | E31: ='Measurements'!E31 -> -19.85 | F31: =IF('Measurements'!F31="","",'Measurements'!F31) -> -20.26 | G31: =IF('Measurements'!G31="","",'Measurements'!G31) -> -22.57 | H31: =IF(COUNT(F31:G31)=2,G31-F31,"") -> -2.31 | I31: =IF(H31="","",POWER(10,H31/20)) -> 0.76647854 | J31: ='Model'!G11 -> 0.28650333 | K31: ='Model'!H11 -> 0.49749752 | L31: ='Model'!I11 -> 0.21596938 | M31: ='Model'!J11 -> 0.99997023 | N31: =IF(I31="","",L31-POWER(I31,2)*M31) -> -0.37150248 | O31: =IF(N31="","",POWER(K31,2)-4*J31*N31) -> 0.67325057 | P31: =IF(O31="","",(-K31+SQRT(O31))/(2*J31)) -> 0.56372985 | Q31: =IF(P31="","",20*LOG10(P31)) -> -4.9785793 | R31: =IF(Q31="","",-4*(Q31+10)) -> -20.085683
A32: ='Measurements'!A32 -> B7_95 | B32: ='Measurements'!B32 -> 7 | C32: ='Measurements'!C32 -> 4000 | D32: ='Measurements'!D32 -> 95 | E32: ='Measurements'!E32 -> -9.85 | F32: =IF('Measurements'!F32="","",'Measurements'!F32) -> -10.26 | G32: =IF('Measurements'!G32="","",'Measurements'!G32) -> -13.47 | H32: =IF(COUNT(F32:G32)=2,G32-F32,"") -> -3.21 | I32: =IF(H32="","",POWER(10,H32/20)) -> 0.69103493 | J32: ='Model'!G11 -> 0.28650333 | K32: ='Model'!H11 -> 0.49749752 | L32: ='Model'!I11 -> 0.21596938 | M32: ='Model'!J11 -> 0.99997023 | N32: =IF(I32="","",L32-POWER(I32,2)*M32) -> -0.26154568 | O32: =IF(N32="","",POWER(K32,2)-4*J32*N32) -> 0.54723861 | P32: =IF(O32="","",(-K32+SQRT(O32))/(2*J32)) -> 0.42278437 | Q32: =IF(P32="","",20*LOG10(P32)) -> -7.4776216 | R32: =IF(Q32="","",-4*(Q32+10)) -> -10.089514
A33: ='Measurements'!A33 -> B8_45 | B33: ='Measurements'!B33 -> 8 | C33: ='Measurements'!C33 -> 6727 | D33: ='Measurements'!D33 -> 45 | E33: ='Measurements'!E33 -> -59.85 | F33: =IF('Measurements'!F33="","",'Measurements'!F33) -> -60.27 | G33: =IF('Measurements'!G33="","",'Measurements'!G33) -> -57.22 | H33: =IF(COUNT(F33:G33)=2,G33-F33,"") -> 3.05 | I33: =IF(H33="","",POWER(10,H33/20)) -> 1.4206922 | J33: ='Model'!G12 -> 0.32079631 | K33: ='Model'!H12 -> 0.49117713 | L33: ='Model'!I12 -> 0.18801544 | M33: ='Model'!J12 -> 0.99998887 | N33: =IF(I33="","",L33-POWER(I33,2)*M33) -> -1.8303285 | O33: =IF(N33="","",POWER(K33,2)-4*J33*N33) -> 2.5899054 | P33: =IF(O33="","",(-K33+SQRT(O33))/(2*J33)) -> 1.7427588 | Q33: =IF(P33="","",20*LOG10(P33)) -> 4.8247458 | R33: =IF(Q33="","",-4*(Q33+10)) -> -59.298983
A34: ='Measurements'!A34 -> B8_65 | B34: ='Measurements'!B34 -> 8 | C34: ='Measurements'!C34 -> 6727 | D34: ='Measurements'!D34 -> 65 | E34: ='Measurements'!E34 -> -39.85 | F34: =IF('Measurements'!F34="","",'Measurements'!F34) -> -40.27 | G34: =IF('Measurements'!G34="","",'Measurements'!G34) -> -40.37 | H34: =IF(COUNT(F34:G34)=2,G34-F34,"") -> -0.1 | I34: =IF(H34="","",POWER(10,H34/20)) -> 0.98855309 | J34: ='Model'!G12 -> 0.32079631 | K34: ='Model'!H12 -> 0.49117713 | L34: ='Model'!I12 -> 0.18801544 | M34: ='Model'!J12 -> 0.99998887 | N34: =IF(I34="","",L34-POWER(I34,2)*M34) -> -0.78921091 | O34: =IF(N34="","",POWER(K34,2)-4*J34*N34) -> 1.2539587 | P34: =IF(O34="","",(-K34+SQRT(O34))/(2*J34)) -> 0.97978975 | Q34: =IF(P34="","",20*LOG10(P34)) -> -0.17734214 | R34: =IF(Q34="","",-4*(Q34+10)) -> -39.290631
A35: ='Measurements'!A35 -> B8_85 | B35: ='Measurements'!B35 -> 8 | C35: ='Measurements'!C35 -> 6727 | D35: ='Measurements'!D35 -> 85 | E35: ='Measurements'!E35 -> -19.85 | F35: =IF('Measurements'!F35="","",'Measurements'!F35) -> -20.27 | G35: =IF('Measurements'!G35="","",'Measurements'!G35) -> -22.79 | H35: =IF(COUNT(F35:G35)=2,G35-F35,"") -> -2.52 | I35: =IF(H35="","",POWER(10,H35/20)) -> 0.7481695 | J35: ='Model'!G12 -> 0.32079631 | K35: ='Model'!H12 -> 0.49117713 | L35: ='Model'!I12 -> 0.18801544 | M35: ='Model'!J12 -> 0.99998887 | N35: =IF(I35="","",L35-POWER(I35,2)*M35) -> -0.37173593 | O35: =IF(N35="","",POWER(K35,2)-4*J35*N35) -> 0.71826103 | P35: =IF(O35="","",(-K35+SQRT(O35))/(2*J35)) -> 0.55537686 | Q35: =IF(P35="","",20*LOG10(P35)) -> -5.1082443 | R35: =IF(Q35="","",-4*(Q35+10)) -> -19.567023
A36: ='Measurements'!A36 -> B8_95 | B36: ='Measurements'!B36 -> 8 | C36: ='Measurements'!C36 -> 6727 | D36: ='Measurements'!D36 -> 95 | E36: ='Measurements'!E36 -> -9.85 | F36: =IF('Measurements'!F36="","",'Measurements'!F36) -> -10.27 | G36: =IF('Measurements'!G36="","",'Measurements'!G36) -> -13.77 | H36: =IF(COUNT(F36:G36)=2,G36-F36,"") -> -3.5 | I36: =IF(H36="","",POWER(10,H36/20)) -> 0.66834392 | J36: ='Model'!G12 -> 0.32079631 | K36: ='Model'!H12 -> 0.49117713 | L36: ='Model'!I12 -> 0.18801544 | M36: ='Model'!J12 -> 0.99998887 | N36: =IF(I36="","",L36-POWER(I36,2)*M36) -> -0.25866318 | O36: =IF(N36="","",POWER(K36,2)-4*J36*N36) -> 0.57316775 | P36: =IF(O36="","",(-K36+SQRT(O36))/(2*J36)) -> 0.41443947 | Q36: =IF(P36="","",20*LOG10(P36)) -> -7.6507779 | R36: =IF(Q36="","",-4*(Q36+10)) -> -9.3968885

Sheet Coverage
A1: Cobertura da campanha comum N1–N10
A4: band | B4: test_frequency_hz | C4: levels_db_spl | D4: rew_dac_levels_dbv | E4: script | F4: scope
A5: 1 | B5: 177 | C5: 45, 65, 85, 95 | D5: -59.85, -39.85, -19.85, -9.85 | E5: B1_detector_identification.sss | F5: one EVAL calibration reused by N1-N10
A6: 2 | B6: 297 | C6: 45, 65, 85, 95 | D6: -59.85, -39.85, -19.85, -9.85 | E6: B2_detector_identification.sss | F6: one EVAL calibration reused by N1-N10
A7: 3 | B7: 500 | C7: 45, 65, 85, 95 | D7: -59.85, -39.85, -19.85, -9.85 | E7: B3_detector_identification.sss | F7: one EVAL calibration reused by N1-N10
A8: 4 | B8: 841 | C8: 45, 65, 85, 95 | D8: -59.85, -39.85, -19.85, -9.85 | E8: B4_detector_identification.sss | F8: one EVAL calibration reused by N1-N10
A9: 5 | B9: 1414 | C9: 45, 65, 85, 95 | D9: -59.85, -39.85, -19.85, -9.85 | E9: B5_detector_identification.sss | F9: one EVAL calibration reused by N1-N10
A10: 6 | B10: 2378 | C10: 45, 65, 85, 95 | D10: -59.85, -39.85, -19.85, -9.85 | E10: B6_detector_identification.sss | F10: one EVAL calibration reused by N1-N10
A11: 7 | B11: 4000 | C11: 45, 65, 85, 95 | D11: -59.85, -39.85, -19.85, -9.85 | E11: B7_detector_identification.sss | F11: one EVAL calibration reused by N1-N10
A12: 8 | B12: 6727 | C12: 45, 65, 85, 95 | D12: -59.85, -39.85, -19.85, -9.85 | E12: B8_detector_identification.sss | F12: one EVAL calibration reused by N1-N10

Sheet Model
A1: Modelo linear extraído do export SigmaStudio
A4: band | B4: frequency_hz | C4: target_real | D4: target_imag | E4: remainder_real | F4: remainder_imag | G4: target_squared_a | H4: cross_term_b | I4: remainder_squared | J4: unity_squared | K4: target_magnitude | L4: remainder_magnitude | M4: phase_difference_deg
A5: 1 | B5: 177 | C5: 0.60171154 | D5: 0.42735645 | E5: 0.21205491 | F5: 0.15389179 | G5: 0.54469031 | H5: 0.38672507 | I5: 0.068649967 | J5: 1.0000653 | K5: 0.73803138 | L5: 0.26201139 | M5: -0.58532503
A6: 2 | B6: 297 | C6: -0.54556688 | D6: 0.0058668585 | E6: -0.45443341 | F6: 0.004647144 | G6: 0.29767764 | H6: 0.49590217 | I6: 0.20653132 | J6: 1.0001111 | K6: 0.54559843 | L6: 0.45445717 | M6: -0.03021762
A7: 3 | B7: 500 | C7: -0.053611568 | D7: -0.52048189 | E7: -0.048601869 | F7: -0.47430451 | G7: 0.2737756 | H7: 0.49894506 | I7: 0.22732691 | J7: 1.0000476 | K7: 0.5232357 | L7: 0.47678812 | M7: -0.03027387
A8: 4 | B8: 841 | C8: 0.39856582 | D8: -0.33476043 | E8: 0.36735483 | F8: -0.30816935 | G8: 0.27091926 | H8: 0.49915597 | I8: 0.22991792 | J8: 0.99999315 | K8: 0.52049905 | L8: 0.47949757 | M8: -0.034456697
A9: 5 | B9: 1414 | C9: 0.51995738 | D9: 0.03747089 | E9: 0.47742536 | F9: 0.034690825 | G9: 0.27175975 | H9: 0.49908148 | I9: 0.22913843 | J9: 0.99997965 | K9: 0.52130581 | L9: 0.47868406 | M9: -0.034026729
A10: 6 | B10: 2378 | C10: 0.35186795 | D10: 0.38957132 | E10: 0.31822496 | F10: 0.35268491 | G10: 0.27557686 | H10: 0.49873818 | I10: 0.22565377 | J10: 0.99996881 | K10: 0.52495415 | L10: 0.47503028 | M10: -0.029226038
A11: 7 | B11: 4000 | C11: -0.1026835 | D11: 0.52531841 | E11: -0.089234995 | F11: 0.45607729 | G11: 0.28650333 | H11: 0.49749752 | I11: 0.21596938 | J11: 0.99997023 | K11: 0.53526006 | L11: 0.46472506 | M11: -0.0104054
A12: 8 | B12: 6727 | C12: -0.56219832 | D12: 0.068770326 | E12: -0.430191 | F12: 0.054324392 | G12: 0.32079631 | H12: 0.49117713 | I12: 0.18801544 | J12: 0.99998887 | K12: 0.56638883 | L12: 0.43360747 | M12: 0.22319836
